{"cameraMode":{"drawMode":0,"name":"Shaded","section":"Shading Mode"},"sceneLighting":false,"audioPlay":false,"sceneViewState":{"m_AlwaysRefresh":false,"showFog":true,"showSkybox":false,"showFlares":true,"showImageEffects":true,"showParticleSystems":true,"showVisualEffectGraphs":true,"m_FxEnabled":true},"in2DMode":false,"pivot":{"x":1.5215826034545899,"y":-0.15000009536743165,"z":2.1599998474121095},"rotation":{"x":-0.07349742949008942,"y":0.7597229480743408,"z":-0.08722405135631561,"w":-0.6401649117469788},"size":12.12435531616211,"orthographic":false}